Iteration No,alpha,fixed_alpha,Rd,W2,W1,L,Ibias,Alo,Rbias2,Rbias3,Cload,
1,0.14,0.1,1.5878883700644446,1.2475404008229543,1.460716702090816,1.2802399446423802,0.7466877661749174,1.5213676436363908,1.2808775496538007,1.2951572699074132,1.108802682881445,
2,0.14,0.1,1.5400020197872235,1.2713594572918512,1.4507052116754087,1.2544103014766457,0.7116505486850696,1.4734077015620837,1.318995001360967,1.315573621545536,1.1070263921313261,
