Iteration No,Ibias,
1,0.001878750894802916,
2,0.0018628764557102823,
