Iteration No,loss,loss_gain,loss_iip3,loss_iip2,loss_nf,loss_Io,loss_BW,
1,0.8795038017596036,0.36496038316689144,0.0,0.0,0.4542231585927122,0.06032026000000001,0.0,
2,0.7842366717205003,0.33359132920985496,0.0,0.0,0.3915331825106454,0.05911216,0.0,
