Iteration No,Io,conv_gain_db,iip3_dbm,iip2_dbm,nf_db,p_src,gm1,vdsat1,vg1,vd1,bb_BW,
1,0.0003016013,9.525594252496628,-3.939609199198756,48.43334775625931,21.813347378890683,0.0013266253,0.00417683,0.09496553,0.5723963,0.2255064,9999000.0,
2,0.0002955608,9.996130061852176,-3.6120496612168864,48.838799639893665,20.87299773765968,0.00129742795,0.004183169,0.09337057,0.5688633,0.2296349,9999000.0,
