Iteration No,Rd,Ibias,L,W1,W2,Rbias1,Rbias2,Rbias3,C1,C2,Cload,Alo,flo,frf,mismatch,Temp,
1,365.2340679996888,0.001878750894802916,6.234969939853659e-08,2.2904458437126e-05,2.6557806744138968e-05,12649.50234770296,19876.5659790767,33179.576242523326,2.4914679999999997e-12,2.540252e-12,4.324653863430861e-11,0.26928262236756645,1000000000.0,1010000000.0,0,27,
2,375.0896645967343,0.0018470020166176486,6.413140207401647e-08,2.4106976425585154e-05,2.6676451952394285e-05,12649.50234770296,20169.988626131977,32663.227200042584,2.4914679999999997e-12,2.540252e-12,4.324652647220349e-11,0.27132249130041297,1000000000.0,1010000000.0,0,27,
