Iteration No,Rd,loss,loss_gain,loss_iip3,loss_iip2,loss_nf,loss_Io,loss_BW,loss_region,Ibias,loss,loss_gain,loss_iip3,loss_iip2,loss_nf,loss_Io,loss_BW,loss_region,L,loss,loss_gain,loss_iip3,loss_iip2,loss_nf,loss_Io,loss_BW,loss_region,W1,loss,loss_gain,loss_iip3,loss_iip2,loss_nf,loss_Io,loss_BW,loss_region,W2,loss,loss_gain,loss_iip3,loss_iip2,loss_nf,loss_Io,loss_BW,loss_region,Cload,loss,loss_gain,loss_iip3,loss_iip2,loss_nf,loss_Io,loss_BW,loss_region,Alo,loss,loss_gain,loss_iip3,loss_iip2,loss_nf,loss_Io,loss_BW,loss_region,Rbias2,loss,loss_gain,loss_iip3,loss_iip2,loss_nf,loss_Io,loss_BW,loss_region,Rbias3,loss,loss_gain,loss_iip3,loss_iip2,loss_nf,loss_Io,loss_BW,loss_region,
1,Rd,-0.0006738844318703767,-0.0005397875947499036,0.0,0.0,0.0,-0.00013409683712044146,0.0,0.0,Ibias,331.36940356478834,61.69134272046453,0.0,0.0,0.0,269.67806084432385,0.0,0.0,L,2042582.1334442887,-3641584.5332223484,0.0,0.0,0.0,5684166.6666668225,0.0,0.0,W1,-12578.70406671122,-12077.2649795981,0.0,0.0,0.0,-501.43908711260775,0.0,0.0,W2,957.6141180389202,-1298.0851415103368,0.0,0.0,0.0,2255.6992595488364,0.0,0.0,Cload,53496.008836884386,53496.00858016496,0.0,0.0,0.0,0.0,0.0,0.0,Alo,-0.2749458911947481,-0.2749458911947481,0.0,0.0,0.0,0.0,0.0,0.0,Rbias2,-1.2161257955502474e-05,-2.5516364237217444e-06,0.0,0.0,0.0,-9.60962153178073e-06,0.0,0.0,Rbias3,7.259808738887857e-06,1.641231749509494e-06,0.0,0.0,0.0,5.618576989378032e-06,0.0,0.0,
2,Rd,-0.00046520596111380107,-0.0003426817939542103,0.0,0.0,0.0,-0.00012252416715965154,0.0,0.0,Ibias,364.9313180351567,90.2807502417428,0.0,0.0,0.0,274.6505677934139,0.0,0.0,L,2725480.5112405303,-2609749.7017194545,0.0,0.0,0.0,5335230.212959451,0.0,0.0,W1,-11700.877469967349,-11286.111059922176,0.0,0.0,0.0,-414.76641004517296,0.0,0.0,W2,1233.1854317387542,-945.081793312525,0.0,0.0,0.0,2178.267225051279,0.0,0.0,Cload,41958.50795704972,41958.50782868996,0.0,0.0,0.0,0.0,0.0,0.0,Alo,-0.13637496009352887,-0.1363749600935907,0.0,0.0,0.0,0.0,0.0,0.0,Rbias2,-1.348035267790922e-05,-4.0219784196059305e-06,0.0,0.0,0.0,-9.458374258304965e-06,0.0,0.0,Rbias3,8.176556405547681e-06,2.546586973911677e-06,0.0,0.0,0.0,5.6299694316349995e-06,0.0,0.0,
