Iteration No,flo,f_lower,f_upper,Ibias1,len1,W1,Rb,Rd1,Rbias1,C1,C2,Temp,Rd2,Ibias2,len2,W2,W3,Rbias2,Rbias3,Rbias4,C3,C4,Cload,Alo,frf,frf_fund2,mismatch,
1,1000000000.0,50000000.0,2000000000.0,0.0012247769928788298,6.000000000000001e-08,0.00012323859483968954,225.07257921323813,382.03190398515017,1000,3.183098861837907e-11,9.437431878897989e-11,27,266.97787108258643,0.0019214472917182005,6.697521234529183e-08,4.9612787275428834e-05,6.539993634199999e-06,7820.413959902867,10000,10000,4.029944e-12,1e-13,3.882495235872203e-11,0,1010000000.0,1011000000.0,0,
2,1000000000.0,50000000.0,2000000000.0,0.0013870713579038124,6.000000000000001e-08,0.00012905646276635882,210.48081633997953,398.66472164599276,1000,3.183098861837907e-11,9.437431878897989e-11,27,288.1396366933522,0.0019045311083227619,7.655704201821504e-08,5.273445694403216e-05,7.252658065960212e-06,7820.413959902867,10000,10000,4.029944e-12,1e-13,3.8184279408800187e-11,0,1010000000.0,1011000000.0,0,
