Iteration No,loss,loss_gain,loss_iip3,loss_iip2,loss_nf,loss_Io,loss_BW,loss_s11,loss_region,
1,0.8354770090055491,0.10033860268085407,0.0,0,0.208848206324695,0.4895902000000001,0.0,0.03669999999999997,0,
2,0.6909487073461629,0.04234739009861036,0.0,0,0.0816889839142192,0.517219,0.0,0.04969333333333334,0,
