Iteration No,Io1,Io2,conv_gain_db,lna_gain_db,bb_BW,s11_db,nf_db,iip3_dbm,gm1,gds1,region1,gm2,gds2,region2,
1,0.000939954,0.001507997,21.591873535659502,13.23167566365324,11646496.140377104,-14.4495,8.022120515811737,-11.619228831415157,0.01820509,0.002283856,3.0,0.02105762,0.002472404,2.0,
2,0.001023807,0.001562288,22.98366263763335,13.619545804643867,11646496.140377104,-14.2546,7.704222459785548,-15.528238052274702,0.01968755,0.002562915,3.0,0.02139872,0.002015701,2.0,
