Iteration No,Ibias,
1,0.0004147958570170715,
2,0.00040979059613620344,
