Iteration No,Rd,Ibias,W1,W2,Rbias1,Rbias2,Rbias3,C1,C2,Cload,Alo,flo,frf,mismatch,Temp,
1,1555.3128801143364,0.0004147958570170715,1.0819436606267261e-05,3.0843613853323567e-06,93861.89550236249,297529.2804806983,561460.5242163483,3.357681e-13,1.622053e-13,1.0372366452499848e-11,0.2958429075873611,1000000000.0,1010000000.0,0,27,
2,1590.2209157270104,0.0004047853352553354,1.1075886820131044e-05,3.2374236684362525e-06,93861.89550236249,300601.0579311887,564573.32673343,3.357681e-13,1.622053e-13,1.0232985602240709e-11,0.30805530539833126,1000000000.0,1010000000.0,0,27,
