Iteration No,alpha,fixed_alpha,Rd,W2,W1,Ibias,Alo,Rbias2,Rbias3,
1,0.0,0.0,1.1916730878189847,1.1046884072406487,1.1171251698571147,1.0184522533735687,4.202317015532571,1.4475830630396185,1.431984891135398,
2,0.0,0.0,1.4946615238944372,1.5625715336318176,1.5775084313497443,0.8030774145520059,1.1636123439792847,1.7968056226601616,1.4148399497959259,
