Iteration No,Ibias,
1,0.00056594411867,
2,0.00056594411867,
