Iteration No,Rd,loss,loss_gain,loss_iip3,loss_iip2,loss_nf,loss_Io,loss_BW,Ibias,loss,loss_gain,loss_iip3,loss_iip2,loss_nf,loss_Io,loss_BW,W1,loss,loss_gain,loss_iip3,loss_iip2,loss_nf,loss_Io,loss_BW,W2,loss,loss_gain,loss_iip3,loss_iip2,loss_nf,loss_Io,loss_BW,Alo,loss,loss_gain,loss_iip3,loss_iip2,loss_nf,loss_Io,loss_BW,Rbias2,loss,loss_gain,loss_iip3,loss_iip2,loss_nf,loss_Io,loss_BW,Rbias3,loss,loss_gain,loss_iip3,loss_iip2,loss_nf,loss_Io,loss_BW,
1,Rd,-0.00017863953228429948,-0.00029191955608670237,0.0,0.0,0.00011438272559079165,-1.1027017883761334e-06,0.0,Ibias,1975.3662628301747,206.60675654426353,0.0,0.0,1637.1995800928114,131.5599261931367,0.0,W1,-32834.23401753754,-18401.61237631778,0.0,0.0,-14257.911381954897,-174.71025926396013,0.0,W2,-317244.8336663089,-90177.93994915752,0.0,0.0,-229039.8373133554,1972.9435962061277,0.0,Alo,-2.626355482123929,-0.695521405618098,0.0,0.0,-1.9308340765058116,0.0,0.0,Rbias2,-2.734606575804308e-07,9.634017307735184e-08,0.0,0.0,-3.108836244116723e-07,-5.891720624608933e-08,0.0,Rbias3,1.561994250671878e-07,-4.700408980054213e-08,0.0,0.0,1.6635992961453942e-07,3.684358525320161e-08,0.0,
2,Rd,-0.00029329123134578725,-0.00029362085780923047,0.0,0.0,5.005213024175866e-06,-4.67558656073493e-06,0.0,Ibias,1282.8628983941514,69.97622805153608,0.0,0.0,1093.6617572597495,119.22491308287931,0.0,W1,-43912.69816797121,-16968.98273222177,0.0,0.0,-26846.113311126097,-97.60212462347341,0.0,W2,-320057.0180262981,-73583.19705784804,0.0,0.0,-248203.1903041451,1729.3693356961905,0.0,Alo,-2.790670837909998,-0.5729623579378526,0.0,0.0,-2.2177084799721265,0.0,0.0,Rbias2,-7.697586067106928e-07,1.120222660385234e-07,0.0,0.0,-8.060236230305254e-07,-7.575724971869785e-08,0.0,Rbias3,-1.6682264301649267e-07,-5.580928311427785e-08,0.0,0.0,-1.4167980795574962e-07,3.066644805354965e-08,0.0,
