Iteration No,Ibias,
1,0.004149820500616106,
2,0.0041500676234511895,
3,0.004150518082927297,
4,0.004150891427942399,
5,0.004151591503998374,
6,0.00415226512005339,
7,0.004152703586992753,
8,0.004153011775512572,
9,0.00415314251375992,
10,0.004153116412883399,
