Iteration No,alpha,fixed_alpha,Rd,W2,W1,L,Ibias,Alo,Rbias2,Rbias3,Cload,
1,0.14,0.1,1.5878883700644446,1.2475404008229543,1.460716702090816,1.2802399446423802,0.7466877661749174,1.5213676436363908,1.2808775496538007,1.2951572699074132,1.108802682881445,
2,0.14,0.1,1.5400020197872235,1.2713594572918512,1.4507052116754087,1.2544103014766457,0.7116505486850696,1.4734077015620837,1.318995001360967,1.315573621545536,1.1070263921313261,
3,0.14,0.1,2.692742056128034,1.1977049318389439,1.4381611494707203,1.1734564235026692,0.8126548188419291,1.3489768087804554,1.2145666205735444,1.2161224972567257,1.0676025538336904,
4,0.14,0.1,1.435066910124625,1.243938042216699,1.770614023837476,1.2384453380892404,0.33888591924522654,1.489052968437013,1.1606588741291142,1.162794703052943,1.2383432884690517,
5,0.14,0.1,1.2762229009133672,1.2373897061405923,1.6604699065117654,1.1805361406243107,0.6999787579765032,1.6940303916364217,1.2750252342387551,1.2725591022566456,2.3174481784968433,
6,0.14,0.1,1.2596116993002557,1.2568110719629115,1.553251757821878,1.3155264253861647,0.7593882412899806,1.7008848259562757,1.865497911614643,1.3588278541288321,1.493668073666485,
