Iteration No,Ibias,
1,0.001878750894802916,
2,0.0018628764557102823,
3,0.0018448777408115174,
4,0.0018811928049220716,
5,0.0018913985334574686,
6,0.001896711152169838,
