Iteration No,Rd,Ibias,L,W1,W2,Rbias1,Rbias2,Rbias3,C1,C2,Cload,Alo,flo,frf,mismatch,Temp,
1,365.2340679996888,0.001878750894802916,6.234969939853659e-08,2.2904458437126e-05,2.6557806744138968e-05,12649.50234770296,19876.5659790767,33179.576242523326,2.4914679999999997e-12,2.540252e-12,4.324653863430861e-11,0.26928262236756645,1000000000.0,1010000000.0,0,27,
2,375.0896645967343,0.0018470020166176486,6.413140207401647e-08,2.4106976425585154e-05,2.6676451952394285e-05,12649.50234770296,20169.988626131977,32663.227200042584,2.4914679999999997e-12,2.540252e-12,4.324652647220349e-11,0.27132249130041297,1000000000.0,1010000000.0,0,27,
3,390.40044323751437,0.0018088803110139881,6.554015067010018e-08,2.534537181311125e-05,2.678228821814765e-05,12649.50234770296,20462.790182307668,32164.181872798606,2.4914679999999997e-12,2.540252e-12,4.324651639829095e-11,0.27262062471211923,1000000000.0,1010000000.0,0,27,
4,396.41195158615227,0.001990137997253733,6.685205465715648e-08,2.691141686901034e-05,2.6874840344088095e-05,12649.50234770296,20786.76692108543,31633.377964402414,2.4914679999999997e-12,2.540252e-12,4.324650656717323e-11,0.27317847864254946,1000000000.0,1010000000.0,0,27,
5,390.38397327345683,0.0019195738089445049,6.728542016251494e-08,2.8482803348883627e-05,2.6898512357173454e-05,12649.50234770296,21346.500674144416,30766.627042781933,2.4914679999999997e-12,2.540252e-12,1.0811626641793308e-11,0.27221098770167357,1000000000.0,1010000000.0,0,27,
6,392.5255470477659,0.0018682524914671263,6.815352881848874e-08,3.0013956985157503e-05,2.7004170732820925e-05,12649.50234770296,21930.461082959002,30129.85210178727,2.4914679999999997e-12,2.540252e-12,1.0811615784137224e-11,0.27252492522802413,1000000000.0,1010000000.0,0,27,
