Iteration No,Rd,loss,loss_gain,loss_iip3,loss_iip2,loss_nf,loss_Io,loss_BW,loss_region,Ibias,loss,loss_gain,loss_iip3,loss_iip2,loss_nf,loss_Io,loss_BW,loss_region,W1,loss,loss_gain,loss_iip3,loss_iip2,loss_nf,loss_Io,loss_BW,loss_region,W2,loss,loss_gain,loss_iip3,loss_iip2,loss_nf,loss_Io,loss_BW,loss_region,Alo,loss,loss_gain,loss_iip3,loss_iip2,loss_nf,loss_Io,loss_BW,loss_region,Rbias2,loss,loss_gain,loss_iip3,loss_iip2,loss_nf,loss_Io,loss_BW,loss_region,Rbias3,loss,loss_gain,loss_iip3,loss_iip2,loss_nf,loss_Io,loss_BW,loss_region,
1,Rd,-1.128040252114908e-05,0.0,0.0,0.0,0.0,-1.128040252114908e-05,0.0,0.0,Ibias,183.43153780617826,0.0,0.0,0.0,0.0,183.43153780617826,0.0,0.0,W1,89.02594759264183,0.0,0.0,0.0,0.0,89.02594759264183,0.0,0.0,W2,689.7068901399668,0.0,0.0,0.0,0.0,689.7068901399668,0.0,0.0,Alo,0.0,0.0,0.0,0.0,0.0,0.0,0.0,0.0,Rbias2,-1.4739730789186383e-06,0.0,0.0,0.0,2.7036841468393455e-05,-2.851081454731261e-05,0.0,0.0,Rbias3,3.248735315839341e-05,0.0,0.0,0.0,0.0,3.248735315839341e-05,0.0,0.0,
2,Rd,0.0005049801871107832,0.0,0.0,0.0,0.0005162605896319305,-1.128040252114908e-05,0.0,0.0,Ibias,611.0201535447454,0.0,0.0,0.0,427.5886157385684,183.43153780617826,0.0,0.0,W1,3790.6071635012927,0.0,0.0,0.0,3701.581215908655,89.02594759264183,0.0,0.0,W2,12244.734897919161,0.0,0.0,0.0,11555.028007779194,689.7068901399668,0.0,0.0,Alo,0.2455845899354968,0.0,0.0,0.0,0.24558458993549404,0.0,0.0,0.0,Rbias2,0.0001602469451561088,0.0,0.0,0.0,0.0001887577597034214,-2.851081454731261e-05,0.0,0.0,Rbias3,0.00015172097827920736,0.0,0.0,0.0,0.00011923362512081338,3.248735315839341e-05,0.0,0.0,
